MAE4;Majeure Aéronautique et Espace 4A;Cachan
MAE5;Majeure Aéronautique et Espace 5A;Cachan
MDTSC4;Majeure Digital Transformation and Supply Chain 4A;Cachan
MDTSC5;Majeure Digital Transformation and Supply Chain 5A;Cachan
MESB4;Majeure e-santé et Biomécanique 4A;Cachan
MESB5;Majeure e-santé et Biomécanique 5A;Cachan
MSD4;Majeure Matériaux et Structures Durables 4A;Cachan
MSD5;Majeure Matériaux et Structures Durables 5A;Cachan
MSNI4;Majeure Systèmes Numériques et Intelligents 4A;Cachan
MSNI5;Majeure Systèmes Numériques et Intelligents 5A;Cachan
PSAPP1;Formation par apprentissage 1A;Cachan
PSAPP2;Formation par apprentissage 2A;Cachan
PSAPP3;Formation par apprentissage 3A;Cachan
PSFGE1;Formation Généraliste 1A;Cachan
PSFGE2;Formation Généraliste 2A;Cachan
PSFGE3;Formation Généraliste 3A;Cachan
PSFHM1;Formation Franco-Allemande 1A;Cachan
PSFHM2;Formation Franco-Allemande 2A;Cachan
PSFHM3;Formation Franco-Allemande 3A;Cachan
PSFHM4;Formation Franco-Allemande 4A;Cachan
PSFHM5;Formation Franco-Allemande 5A;Cachan
PSSHE1;Formation Franco-Québéquoise 1A;Cachan
PSSHE2;Formation Franco-Québéquoise 2A;Cachan
PSSHE3;Formation Franco-Québéquoise 3A;Cachan
MDAI4;Majeure Data and AI 4A;Montpellier
MDAI5;Majeure Data and AI 5A;Montpellier
MEE4;Majeure Énergie et Environnement 4A;Montpellier
MEE5;Majeure Énergie et Environnement 5A;Montpellier
PMAPP1;Formation par apprentissage 1A;Montpellier
PMAPP2;Formation par apprentissage 2A;Montpellier
PMAPP3;Formation par apprentissage 3A;Montpellier
PMBEE1;Bachelor Efficacité Énergétique 1A;Montpellier
PMBEE2;Bachelor Efficacité Énergétique 2A;Montpellier
PMBEE3;Bachelor Efficacité Énergétique 3A;Montpellier
PMFGE1;Formation Généraliste 1A;Montpellier
PMFGE2;Formation Généraliste 2A;Montpellier
PMFGE3;Formation Généraliste 3A;Montpellier
PMSTI1;Formation Technologique 1A;Montpellier
PMSTI2;Formation Technologique 2A;Montpellier
MIAN4;Majeure Industries Aéronautiques et Navales Responsables 4A;Saint-Nazaire
MIAN5;Majeure Industries Aéronautiques et Navales Responsables 5A;Saint-Nazaire
PNAPP1;Formation par apprentissage 1A;Saint-Nazaire
PNFGE1;Formation Généraliste 1A;Saint-Nazaire
PNFGE2;Formation Généraliste 2A;Saint-Nazaire
PNFGE3;Formation Généraliste 3A;Saint-Nazaire
MDID4;Majeure Design Industriel Durable 4A;Troyes
MDID5;Majeure Design Industriel Durable 5A;Troyes
MIAD4;Majeure Ingénierie en Architecture Durable 4A;Troyes
MIAD5;Majeure Ingénierie en Architecture Durable 5A;Troyes
PTFGE1;Formation Généraliste 1A;Troyes
PTFGE2;Formation Généraliste 2A;Troyes
PTFGE3;Formation Généraliste 3A;Troyes
PDBCS2;;
PDBCS3;;
PDBEE2;;
PDBEE3;;
PDBGD1;;
PDCGE1;;
PDCGE2;;
PDCGE3;;
PDIABE;;
PDIAPP;;
PDIBEE;;
PDIBNS;;
PDIFGE;;
PDIFHM;;
PDIMAP;;
PMAPP4;;
PMBEE4;;
PMECH0;;
PMFGE4;;
PMFGE5;;
PMFGE6;;
PMFGE7;;
PMFGE8;;
PMSIG1;;
PSAPP4;;
PSAPP5;;
PSBNS3;;
PSBNS4;;
PSBSI1;;
PSBSI2;;
PSCES0;;
PSECH0;;
PSFGE4;;
PSFGE5;;
PSFGE6;;
PSFGE7;;
PSFGE8;;
PSFHM7;;
PSMSC6;;
PTBSI4;;
PTBSR3;;
PTECH0;;
PTFGE4;;
PTFGE5;;
PTFGE6;;
PTFGE7;;
PTFGE8;;
